NTQuNDQyMzQxMDg5MjQ4NjY=,5cdcf2fa58dfdf2e02e72e454767a99b6d36c1bf825cee4589db24795c0709c6
Ng==,4fd8922b23a31eed99c5a80d3fd2ae4a0939489847b41ad343af38e34eb94805
Mw==,94cdfc7788dddac25eef610024e0bb3061c95047b1db08b84da3f2c4172afc61
ODYyNS4wNjcxNw==,ac795ffdcc1801105a7e467ea1e7f065d4ae230ce89dacd63b7e91bdbc0ee2bbNjM=,097a6189ae1cc450efe059d5a86f086cf6018ee32cce743d6c7796fd436482baMzM=,631dc85f1053d3dac6f65d5401aa24b712798263c728ce58217882d903ed7ab4MTM3NC42MDQ5Nw==,33836a0521c843b34f24d61920b6997c1a098db5aa6cb27f24305f8c42967cb1
OTc=,71a7720721140007fdf844a70531ab7a2a7f92ac136ac44384f8460a78fdd41c
NA==,1b744961655ad0f8d778e2dc7780cd9e66a122cbd0b24d22ca7bba400e3568d1
Njk4OC43NTIxMw==,e2e9ed439bb6908f9b5172dc037cec5ee317cbbc7f8ad7d654f0640cbc8954b1
NzI=,627cdd0209c638c24a6e9967e068d1d5c05849eb2f0f88b31e8a975aec67b0f1
MQ==,5dc927a92c4c11369aff2156bd5d27b4a7b74a48d1eb2b92a157ef5f67eedbeb
NjEyMi40MDc1Ng==,31df462e1c709a076206403a10adc608d6ccd4452773b0c6a18a2534d229a00e
MzE=,2ca423c206090bf28e9db3b8e21e573a7070fb6529d8f90dc299aa4f9f366533
NDA=,fc66066f863b85c36ce6ac28bdfaf2ae5e42b9f82fa2ee7e344635b2ec2cf8f6
NzU4MC42NDI1OA==,4bb5a894f1956626f39a20bf3f1de7c5907c15ae7cd45c228a816cd8343fccc0
MzE=,2ca423c206090bf28e9db3b8e21e573a7070fb6529d8f90dc299aa4f9f366533
MTg=,54a98b1b9a9e10b42a78faed96e892301b73c9ad2082b3cf4829539e1152a57f
ODEwMy45ODAzMw==,3c89d32e7a5f40c6ce5c10a9d7d7a50959bdb25307471be5200eb9a91966b74d
NzU=,b836346368921643190094c3c99d3726bef2c9500eba4496a571cf63df4325c0
MjU=,fef1774c67d478be101f0c7fab37ea485d33e35ae8515e504d684ef246d1af3a
MjM5NS4xMTIyOA==,f38422305c2b49d3e6df2a0566d711415ec3900ebb7acd524cd54f5dbf4906a4
NjY=,430b8bc1604c8683b240e7dedd95ffb702058469daf95047f396720a70dbc08e
NDA=,fc66066f863b85c36ce6ac28bdfaf2ae5e42b9f82fa2ee7e344635b2ec2cf8f6
