MTE5MC44NTcwMDk4ODc2OTUz,ac4420dd128346d8870441b1e580329ecd79034febd239e530aeb08f04726472
MTMxMQ==,2931f4fb86697a07c027223966d1d6233be05a2a65ff13aa03488dbbaff72b61
NjU=,31538df07bd9d08df98b8d909854af51855ac2f01344666feb4a70a0d7ce138d
MTQ1NS40NDc5MQ==,cebe1bf68495899f93b3a806e9c22011e7766d27e9b7b5fd8a2b8fc3bae4d1b5OTY=,2abf44a32f0fd13abc4d598dfa105228590b57329ba557844454921954e915e9Mzc=,72638810d1202d8ec2a81209765b3149ac9710fbf38dcfc87e87d100ae025559Nzg0MDM2NzU2LjY2ODQ=,3df593e636a7e740c0a608ac29ee4fb93bee3a0c2b4af5cf3a463963b331d107
MTQy,ecf79e53ba69bbc43acf58660b4adbc82aa746540e91f43f446aa80ae45bc53d
MTQw,f8be0f85519794a0237b2bfdabada823520b3fd74336660053c7fe2bd61fe143
MzQyNTAyODc3LjgwNzU=,3d888288259e7ae3a43fb3eb555fa3045493e69969cc8a92659f8523689d7944
MjM4,e7ca0473608ea5c1b0038d32b7878ced797e01b977be45a0983e4da16eeb651d
MTE2,b2b8cb82d1623e322cd7fa22c4a369e3c99b0a29cb64a77678e4e124204034e3
NDgyNTQxOTUwLjk0OTI0,17ec4f8160b76d14bc3ba9a9c497a35fdd0f9fb6035ed5b9df388d2181d71322
MTYz,f9111c2382d4527fc6c9beb3d2dbcbf4a47714e1391f33027f05bd58f7831592
MTc5,fd407ac846eaebb8e9181df3344f7a690953a895d8171037e71dc885a4ab1cf4
ODI2ODIyNjg4LjI5Njc3,ea3c877b0522c21722e01c7bd6f82ad988724b6e6742f61a1225b477406c11e9
OTI4,90eca15a6bc7197de1fdad9c3b75be3bf8b20d744acc872eb17124b2df29de4a
MTU=,a1f7618ee727b5ad8b4a87730afd23ee724327c674042535800e1623648e6374
NTM2NzE0NTQxLjQ0NDA5,5decff114649e8861b2da51fd1115de17566cd7f222f607cf174c9e9d2f72bd1
ODE4,fa349e2760fc2c11b931337675def069d44e2ea228e9ec1ba78777a5c9c7760e
MTkw,8906617eba2f5d6e5a505661ee3931daa8d6c40890e1c3fbebc4ad24892c144b
ODMzMjIwMDk4LjU4ODE3,2ed3774a2fccb274ce8e6efae7b62225882650313fe210deaf18d84ff2a8cd77
NTI2,275b71a4d1606ff76145f0ad50acdac54f6180f789c6181f95195ee8f53fe872
NDEz,3ead6d5fc5bc1978354040aae4c5aa5d05246f751ea58639c01247339de70b50
OTA1NzEzMDI3LjkwNzYz,a4d5a500c8549c61d188e5bee5cc432e4fa13bf28a4e3d3dbe1f8654370714e3
Nzg5,235eb93369d4f495db86f7bb563fa9cd407150482126c20a0a04c78b60899966
MTU4,05b12f64fc3e49eee11b54fd9e8d2bf045bbe4a0fe96e4204722c214bb663f73
